<?xml version="1.0" encoding="UTF-8"?>
<!DOCTYPE mapper
  PUBLIC "-//mybatis.org//DTD Mapper 3.0//EN"
  "https://mybatis.org/dtd/mybatis-3-mapper.dtd">
<mapper namespace="userDAO">

	<!-- 아이디 중복확인 -->
	<select id="checkDuplicateId" parameterType="user"
		resultType="user">
		SELECT * FROM USERS WHERE USER_ID = #{userId}
	</select>

	<!-- 이메일 중복확인 -->
	<select id="checkDuplicateEMail" parameterType="user"
		resultType="user">
		SELECT * FROM USERS WHERE USER_EMAIL = #{userEmail}
	</select>

	<!-- 일반 회원가입 -->
	<insert id="userJoin" parameterType="user">
		INSERT INTO USERS (
		USER_ID,
		USER_NAME, USER_PASSWORD, USER_EMAIL, USER_BIRTH,
		USER_STATUS,
		USER_DATE, USER_GENDER, USER_ADDRESS, USER_PHONENUM )
		VALUES (
		#{userId}, #{userName}, #{userPassword}, #{userEmail}, #{userBirth},
		'Y' , SYSDATE, #{userGender}, #{userAddress}, #{userPhonenum} )
	</insert>

	<!-- 회원정보 수정 -->
	<update id="modifyUser" parameterType="user">
		UPDATE USERS
		SET USER_NAME
		= #{userName},
		USER_PASSWORD = #{userPassword},
		USER_EMAIL =
		#{userEmail},
		USER_BIRTH = #{userBirth},
		USER_GENDER = #{userGender},
		USER_PHONENUM = #{userPhonenum}
		WHERE USER_ID = #{userId}
	</update>

	<!-- 아이디를 통해 DB에서 암호화된 비밀번호 가져오기(로그인) -->
	<select id="userLogin" parameterType="user" resultType="user">
		SELECT *
		FROM USERS WHERE USER_ID = #{userId} AND USER_STATUS = 'Y'
	</select>

	<!-- 아이디 찾기(이름&핸드폰번호) -->
	<select id="findUserId" parameterType="user" resultType="user">
		SELECT *
		FROM USERS WHERE USER_NAME = #{userName} AND USER_PHONENUM =
		#{userPhonenum} AND USER_STATUS = 'Y'
	</select>

	<!-- 비밀번호 찾기(아이디&핸드폰번호) -->
	<select id="findUserPwd" parameterType="user" resultType="user">
		SELECT
		* FROM USERS WHERE USER_ID = #{userId} AND USER_PHONENUM =
		#{userPhonenum}
	</select>

	<!-- 회원 탈퇴 -->
	<update id="updateUserStatus" parameterType="user">
		UPDATE USERS
		SET
		USER_STATUS = 'N'
		WHERE USER_ID = #{userId}
	</update>

	<!-- 핸드폰 번호 중복확인 -->
	<select id="checkDuplicatePhoneNum" parameterType="user"
		resultType="user">
		SELECT * FROM USERS WHERE USER_PHONENUM = #{userPhonenum}
	</select>

	<!-- 비밀번호 변경 -->
	<select id="updatePassword" parameterType="user">
		UPDATE USERS
		SET
		USER_PASSWORD = #{userPassword}
		WHERE USER_ID = #{userId}
	</select>

	<!-- 찜한 상품 리스트 조회 -->
	<select id="selectPickedList" parameterType="user"
		resultType="picked">
		SELECT * FROM PICKED WHERE USER_ID = #{userId}
	</select>

	<!-- 찜한 상품의 productId로 해당 제품 select -->
	<select id="selectPickedProduct" resultType="product"
		parameterType="int">
		SELECT * FROM PRODUCT WHERE PRODUCT_ID = #{productId}
	</select>
</mapper>